{
    "ModuleName": "Decisions.Kinesis",
    "ModuleDependencies": [
        {
            "ModuleName": "Decisions.MessageQueues",
            "AutoInstall": true,
            "Version": null
        },
        {
            "ModuleName": "Decisions.AWS",
            "AutoInstall": true,
            "Version": null
        }
    ],
    "Version": "9.1.0.73849",
    "RequiresLicense": false,
    "Description": "This module adds Kinesis Data streams",
    "CompiledOnDate": "2023-10-18T11:52:29.8228305+01:30",
    "CompiledOnServer": "KEVI",
    "ImagePath": "./CustomImages/image.svg",
    "Installed": false,
    "InstalledVersion": null,
    "IsGithubModule": false
}
