{"ModuleName":"Decisions","IsIdentityProvider":null,"ModuleDependencies":[{"ModuleName":"Decisions.MessageQueues","AutoInstall":true,"Version":null},{"ModuleName":"Decisions.AWS","AutoInstall":true,"Version":null}],"Version":"9.3.0","RequiresLicense":false,"Description":"The Kinesis module integrates Amazon Kinesis, a powerful, real-time data streaming service, into the Decisions platform. Amazon Kinesis enables the collection, processing, and analysis of streaming data at any scale, making it ideal for handling large volumes of data from various sources in real-time.","CompiledOnDate":"2024-10-31T15:56:12.2007254+01:00","CompiledOnServer":"kenny-Legion-5-Pro-16ACH6H","ImagePath":null,"Installed":false,"InstalledVersion":null,"HideInFeaturesList":null,"IsGithubModule":false,"IsCustomModule":false}